# GitHub repository	commit	path relative to HOME
ohmyzsh/ohmyzsh	60c9a7a839b790cd905d0fd4419435124fd1bdc0	.oh-my-zsh
romkatv/powerlevel10k	d05a1b00f9a61f9578bf9dc19b8451942dde8734	.oh-my-zsh/custom/themes/powerlevel10k
zsh-users/zsh-autosuggestions	85919cd1ffa7d2d5412f6d3fe437ebdbeeec4fc5	.oh-my-zsh/custom/plugins/zsh-autosuggestions
zsh-users/zsh-syntax-highlighting	0bfcb582e71d3abe604ce67bc0fe5a21f377507e	.oh-my-zsh/custom/plugins/zsh-syntax-highlighting
tmux-plugins/tpm	e261deb1b47614eed3400089ce7197dc68acc4eb	.tmux/plugins/tpm
sainnhe/tmux-fzf	e5f427e9dcf180ca92e2f8af47ba07f644fd4585	.tmux/plugins/tmux-fzf
tmux-plugins/tmux-resurrect	cff343cf9e81983d3da0c8562b01616f12e8d548	.tmux/plugins/tmux-resurrect
tmux-plugins/tmux-continuum	0698e8f4b17d6454c71bf5212895ec055c578da0	.tmux/plugins/tmux-continuum
wfxr/tmux-fzf-url	7c4838e95fde660b7f2aaf514323ac8498e0d4f4	.tmux/plugins/tmux-fzf-url
